{
    "subtitle": "Welcome to Onovo",
    "title": "Digital Creative Agency <br />with Breaking Ideas",
    "text": "From the moment our company was founded, we have helped our clients find <strong>exceptional solutions for their businesses</strong>, creating memorable brands and digital products. Our expertise grows with each year.",
    "signature": {
        "image": "/images/signature.png",
        "alt": "signature"
    },
    "items": [
        {
            "icon": "/images/serv-icon4-1.png",
            "title": "Brand Consulting",
            "list": [
                "Brand Strategy",
                "Visual Identity",
                "Naming",
                "Guidelines"
            ],
            "link": "/services/service-1"
        },
        {
            "icon": "/images/serv-icon5-1.png",
            "title": "Digital Solutions",
            "list": [
                "Digital Marketing",
                "Concepts",
                "Shopify Web/Apps",
                "Custom Solutions"
            ],
            "link": "/services/service-2"
        },
        {
            "icon": "/images/serv-icon6-1.png",
            "title": "Brand Develop",
            "list": [
                "UI / UX",
                "Photography",
                "Videography",
                "Brand Design"
            ],
            "link": "/services/service-3"
        }
    ]
}