{
    "items": [
        {
            "image": "/images/serv-icon1.png",
            "title": "Creation",
            "text": "Developing websites is about so much more than marketing. It’s also about aesthetics.",
            "link": "/services/service-1"
        },
        {
            "image": "/images/serv-icon2.png",
            "title": "Websites",
            "text": "Developing websites is about so much more than marketing. It’s also about aesthetics.",
            "link": "/services/service-2"
        },
        {
            "image": "/images/serv-icon3.png",
            "title": "Studio",
            "text": "Developing websites is about so much more than marketing. It’s also about aesthetics.",
            "link": "/services/service-3"
        }
    ]
}