{
    "subtitle": "Our History",
    "title": "Brands Through Innovation in <br>Digital Transformation.",
    "button": {
        "label": "Learn More",
        "link": "/about"
    },
    "items": [
        {
            "image": "/images/post1-1000x667.jpg",
            "title": "Strategic Consulting",
            "subtitle": "Strategy",
            "text": "The creative agency studio was founded in 1998 by a group of graphic designers with a passion for creating bold, innovative designs that push boundaries."
        },
        {
            "image": "/images/post1-1000x667.jpg",
            "subtitle": "Innovation",
            "title": "Innovation Consulting",
            "text": "Over the years, the studio has worked with a diverse range of clients, from small startups to large multinational corporations, always striving to deliver unique and impactful design solutions."
        },
        {
            "image": "/images/post1-1000x667.jpg",
            "subtitle": "Diversification",
            "title": "Adopting to Change",
            "text": "Over the years, the studio has grown and expanded, moving to a larger space and adding new team members with expertise in web development, social media, and digital marketing."
        },
        {
            "image": "/images/post1-1000x667.jpg",
            "subtitle": "Expansion",
            "title": "Exploring Opportunities",
            "text": "Along the way, the team has won numerous awards and accolades for their work, cementing their reputation as one of the most trusted and respected creative agencies in the industry."
        }
    ]
}